{
  "mps_D16": {
    "mean": 0.09914,
    "seed_sd": 0.00097,
    "delta_vs_mps": 0.0,
    "boot95": [
      0.0,
      0.0
    ]
  },
  "mps_D16_shuf": {
    "mean": 0.09913,
    "seed_sd": 0.00073,
    "delta_vs_mps": -1e-05,
    "boot95": [
      -0.00046,
      0.00043
    ]
  },
  "mps_D8": {
    "mean": 0.09887,
    "seed_sd": 0.00164,
    "delta_vs_mps": -0.00027,
    "boot95": [
      -0.0007,
      0.00015
    ]
  },
  "mps_D32": {
    "mean": 0.09811,
    "seed_sd": 0.00073,
    "delta_vs_mps": -0.00103,
    "boot95": [
      -0.00169,
      -0.00037
    ]
  },
  "mps_D16_noconst": {
    "mean": 0.09794,
    "seed_sd": 0.00102,
    "delta_vs_mps": -0.00119,
    "boot95": [
      -0.00153,
      -0.00084
    ]
  },
  "mlp": {
    "mean": 0.09545,
    "seed_sd": 0.0018,
    "delta_vs_mps": -0.00368,
    "boot95": [
      -0.0045,
      -0.00285
    ]
  },
  "bilinear": {
    "mean": 0.09478,
    "seed_sd": 0.00131,
    "delta_vs_mps": -0.00435,
    "boot95": [
      -0.00548,
      -0.00319
    ]
  },
  "mlp_shuf": {
    "mean": 0.0946,
    "seed_sd": 0.00101,
    "delta_vs_mps": -0.00453,
    "boot95": [
      -0.00547,
      -0.00364
    ]
  },
  "mps_D4": {
    "mean": 0.09437,
    "seed_sd": 0.0014,
    "delta_vs_mps": -0.00477,
    "boot95": [
      -0.00541,
      -0.00413
    ]
  },
  "mps_D2": {
    "mean": 0.09283,
    "seed_sd": 0.00016,
    "delta_vs_mps": -0.0063,
    "boot95": [
      -0.00812,
      -0.00459
    ]
  },
  "conv1d": {
    "mean": 0.09215,
    "seed_sd": 0.00102,
    "delta_vs_mps": -0.00699,
    "boot95": [
      -0.00773,
      -0.00625
    ]
  },
  "attention": {
    "mean": 0.09144,
    "seed_sd": 0.00162,
    "delta_vs_mps": -0.0077,
    "boot95": [
      -0.00872,
      -0.00667
    ]
  }
}