{
  "4": {
    "rows": {
      "mlp": {
        "gap_mean": 0.00243,
        "gap_sd": 0.00156,
        "t": 3.11,
        "boot95": [
          0.00159,
          0.00327
        ],
        "per_seed": [
          0.0014,
          0.00375,
          0.00377,
          0.00079
        ]
      },
      "conv1d": {
        "gap_mean": 0.00493,
        "gap_sd": 0.002,
        "t": 4.92,
        "boot95": [
          0.00397,
          0.0059
        ],
        "per_seed": [
          0.00576,
          0.00325,
          0.00333,
          0.00737
        ]
      },
      "bilinear": {
        "gap_mean": 0.00183,
        "gap_sd": 0.00202,
        "t": 1.81,
        "boot95": [
          0.0009,
          0.00275
        ],
        "per_seed": [
          0.00068,
          0.0045,
          0.00223,
          -8e-05
        ]
      },
      "attention": {
        "gap_mean": 0.01077,
        "gap_sd": 0.00329,
        "t": 6.55,
        "boot95": [
          0.00948,
          0.01207
        ],
        "per_seed": [
          0.00599,
          0.01252,
          0.01129,
          0.01328
        ]
      }
    },
    "best_test": "bilinear",
    "gap_vs_best_test": 0.00183,
    "best_sel": "bilinear",
    "gap_vs_best_sel": 0.00183,
    "means": {
      "mlp": 0.11026,
      "conv1d": 0.10776,
      "bilinear": 0.11086,
      "attention": 0.10192,
      "mps_D16": 0.11269
    }
  },
  "8": {
    "rows": {
      "mlp": {
        "gap_mean": 0.00368,
        "gap_sd": 0.00221,
        "t": 3.34,
        "boot95": [
          0.00284,
          0.00448
        ],
        "per_seed": [
          0.00487,
          0.00595,
          0.00298,
          0.00093
        ]
      },
      "conv1d": {
        "gap_mean": 0.00699,
        "gap_sd": 0.0002,
        "t": 70.34,
        "boot95": [
          0.00626,
          0.00771
        ],
        "per_seed": [
          0.00676,
          0.00703,
          0.00692,
          0.00723
        ]
      },
      "bilinear": {
        "gap_mean": 0.00435,
        "gap_sd": 0.00186,
        "t": 4.69,
        "boot95": [
          0.00319,
          0.00548
        ],
        "per_seed": [
          0.00456,
          0.00691,
          0.00296,
          0.00299
        ]
      },
      "attention": {
        "gap_mean": 0.0077,
        "gap_sd": 0.00151,
        "t": 10.22,
        "boot95": [
          0.00665,
          0.00873
        ],
        "per_seed": [
          0.00672,
          0.00981,
          0.00773,
          0.00652
        ]
      }
    },
    "best_test": "mlp",
    "gap_vs_best_test": 0.00368,
    "best_sel": "mlp",
    "gap_vs_best_sel": 0.00368,
    "means": {
      "mlp": 0.09545,
      "conv1d": 0.09215,
      "bilinear": 0.09478,
      "attention": 0.09144,
      "mps_D16": 0.09914
    }
  },
  "16": {
    "rows": {
      "mlp": {
        "gap_mean": 0.00237,
        "gap_sd": 0.00114,
        "t": 4.14,
        "boot95": [
          0.00169,
          0.00303
        ],
        "per_seed": [
          0.0039,
          0.00254,
          0.00132,
          0.0017
        ]
      },
      "conv1d": {
        "gap_mean": 0.0032,
        "gap_sd": 0.00213,
        "t": 3.0,
        "boot95": [
          0.00261,
          0.0038
        ],
        "per_seed": [
          0.00558,
          0.0044,
          0.00125,
          0.00155
        ]
      },
      "bilinear": {
        "gap_mean": 0.00334,
        "gap_sd": 0.00225,
        "t": 2.97,
        "boot95": [
          0.00229,
          0.0044
        ],
        "per_seed": [
          0.00538,
          0.0052,
          0.00141,
          0.00138
        ]
      },
      "attention": {
        "gap_mean": 0.00351,
        "gap_sd": 0.00255,
        "t": 2.76,
        "boot95": [
          0.00268,
          0.00433
        ],
        "per_seed": [
          0.00673,
          0.00416,
          0.00233,
          0.00082
        ]
      }
    },
    "best_test": "mlp",
    "gap_vs_best_test": 0.00237,
    "best_sel": "bilinear",
    "gap_vs_best_sel": 0.00334,
    "means": {
      "mlp": 0.0877,
      "conv1d": 0.08687,
      "bilinear": 0.08672,
      "attention": 0.08656,
      "mps_D16": 0.09006
    }
  },
  "32": {
    "rows": {
      "mlp": {
        "gap_mean": 0.00461,
        "gap_sd": 0.00089,
        "t": 10.34,
        "boot95": [
          0.00387,
          0.00535
        ],
        "per_seed": [
          0.00527,
          0.00494,
          0.00329,
          0.00492
        ]
      },
      "conv1d": {
        "gap_mean": 0.00203,
        "gap_sd": 0.00161,
        "t": 2.53,
        "boot95": [
          0.00153,
          0.00256
        ],
        "per_seed": [
          0.00317,
          -0.00022,
          0.0032,
          0.00198
        ]
      },
      "bilinear": {
        "gap_mean": 0.00517,
        "gap_sd": 0.00163,
        "t": 6.35,
        "boot95": [
          0.00415,
          0.00619
        ],
        "per_seed": [
          0.00717,
          0.0038,
          0.00583,
          0.00389
        ]
      },
      "attention": {
        "gap_mean": 0.00256,
        "gap_sd": 0.00239,
        "t": 2.14,
        "boot95": [
          0.00178,
          0.00334
        ],
        "per_seed": [
          0.00423,
          -0.00091,
          0.00406,
          0.00284
        ]
      }
    },
    "best_test": "conv1d",
    "gap_vs_best_test": 0.00203,
    "best_sel": "attention",
    "gap_vs_best_sel": 0.00256,
    "means": {
      "mlp": 0.08337,
      "conv1d": 0.08595,
      "bilinear": 0.08281,
      "attention": 0.08542,
      "mps_D16": 0.08798
    }
  }
}