{
  "8": {
    "rows": {
      "mlp": {
        "gap_mean": 0.00312,
        "gap_sd": 0.00329,
        "t": 1.9,
        "boot95": [
          0.00236,
          0.0039
        ],
        "per_seed": [
          0.00466,
          0.00692,
          -0.0004,
          0.0013
        ]
      },
      "conv1d": {
        "gap_mean": 0.00525,
        "gap_sd": 0.00213,
        "t": 4.94,
        "boot95": [
          0.00451,
          0.00602
        ],
        "per_seed": [
          0.00842,
          0.00393,
          0.00412,
          0.00455
        ]
      },
      "bilinear": {
        "gap_mean": 0.00093,
        "gap_sd": 0.00297,
        "t": 0.63,
        "boot95": [
          -0.0001,
          0.00199
        ],
        "per_seed": [
          0.00289,
          0.00395,
          -0.00234,
          -0.00077
        ]
      },
      "attention": {
        "gap_mean": 0.00807,
        "gap_sd": 0.00227,
        "t": 7.12,
        "boot95": [
          0.00702,
          0.00914
        ],
        "per_seed": [
          0.00699,
          0.01039,
          0.00544,
          0.00947
        ]
      }
    },
    "best_test": "bilinear",
    "gap_vs_best_test": 0.00093,
    "best_sel": "bilinear",
    "gap_vs_best_sel": 0.00093,
    "means": {
      "mlp": 0.09025,
      "conv1d": 0.08811,
      "bilinear": 0.09244,
      "attention": 0.08529,
      "mps_D16": 0.09337
    }
  }
}