{
  "8": {
    "rows": {
      "mlp": {
        "gap_mean": 0.00212,
        "gap_sd": 0.00098,
        "t": 4.33,
        "boot95": [
          0.00135,
          0.00289
        ],
        "per_seed": [
          0.00353,
          0.00151,
          0.00206,
          0.00139
        ]
      },
      "conv1d": {
        "gap_mean": 0.00538,
        "gap_sd": 0.00263,
        "t": 4.1,
        "boot95": [
          0.0046,
          0.00618
        ],
        "per_seed": [
          0.00734,
          0.00164,
          0.00707,
          0.00547
        ]
      },
      "bilinear": {
        "gap_mean": 0.00189,
        "gap_sd": 0.00144,
        "t": 2.62,
        "boot95": [
          0.00076,
          0.00302
        ],
        "per_seed": [
          0.00122,
          0.00391,
          0.00182,
          0.00059
        ]
      },
      "attention": {
        "gap_mean": 0.0073,
        "gap_sd": 0.00098,
        "t": 14.96,
        "boot95": [
          0.00621,
          0.0084
        ],
        "per_seed": [
          0.00652,
          0.00807,
          0.0064,
          0.00822
        ]
      }
    },
    "best_test": "bilinear",
    "gap_vs_best_test": 0.00188,
    "best_sel": "mlp",
    "gap_vs_best_sel": 0.00212,
    "means": {
      "mlp": 0.09678,
      "conv1d": 0.09352,
      "bilinear": 0.09701,
      "attention": 0.0916,
      "mps_D16": 0.0989
    }
  }
}