{
  "8": {
    "gap_mean": 0.00212,
    "gap_sd": 0.00175,
    "per_seed": [
      0.0038,
      0.0033,
      0.0,
      0.0014
    ],
    "mps_mean": 0.09225,
    "best_base_mean": 0.09012
  },
  "12": {
    "gap_mean": 0.00092,
    "gap_sd": 0.00297,
    "per_seed": [
      0.0029,
      0.0039,
      -0.0024,
      -0.0007
    ],
    "mps_mean": 0.09338,
    "best_base_mean": 0.09245
  },
  "16": {
    "gap_mean": 0.00017,
    "gap_sd": 0.00172,
    "per_seed": [
      0.0013,
      0.0014,
      -0.0023,
      0.0003
    ],
    "mps_mean": 0.09445,
    "best_base_mean": 0.09427
  },
  "20": {
    "gap_mean": 0.00055,
    "gap_sd": 0.00106,
    "per_seed": [
      0.0014,
      0.0015,
      -0.0006,
      -0.0001
    ],
    "mps_mean": 0.09303,
    "best_base_mean": 0.09248
  }
}