{
  "mps_D16_frozen": {
    "mean": 0.09938,
    "seed_sd": 0.00124,
    "delta_vs_mps": 0.00024,
    "boot95": [
      -0.00044,
      0.00091
    ]
  },
  "mps_D16_rank2": {
    "mean": 0.09928,
    "seed_sd": 0.00054,
    "delta_vs_mps": 0.00015,
    "boot95": [
      -0.00044,
      0.00071
    ]
  },
  "mps_D16": {
    "mean": 0.09914,
    "seed_sd": 0.00097,
    "delta_vs_mps": 0.0,
    "boot95": [
      0.0,
      0.0
    ]
  },
  "mps_D16_shuf": {
    "mean": 0.09913,
    "seed_sd": 0.00073,
    "delta_vs_mps": -1e-05,
    "boot95": [
      -0.00045,
      0.00045
    ]
  },
  "mps_D8": {
    "mean": 0.09887,
    "seed_sd": 0.00164,
    "delta_vs_mps": -0.00027,
    "boot95": [
      -0.0007,
      0.00016
    ]
  },
  "mps_D16_rank4": {
    "mean": 0.09863,
    "seed_sd": 0.00078,
    "delta_vs_mps": -0.0005,
    "boot95": [
      -0.00098,
      -2e-05
    ]
  },
  "mps_D32": {
    "mean": 0.09811,
    "seed_sd": 0.00073,
    "delta_vs_mps": -0.00103,
    "boot95": [
      -0.00168,
      -0.00035
    ]
  },
  "mps_D16_noconst": {
    "mean": 0.09794,
    "seed_sd": 0.00102,
    "delta_vs_mps": -0.00119,
    "boot95": [
      -0.00154,
      -0.00084
    ]
  },
  "mps_D16_frozenorth": {
    "mean": 0.09763,
    "seed_sd": 0.00071,
    "delta_vs_mps": -0.0015,
    "boot95": [
      -0.00204,
      -0.00098
    ]
  },
  "multpool": {
    "mean": 0.09561,
    "seed_sd": 0.00116,
    "delta_vs_mps": -0.00353,
    "boot95": [
      -0.00411,
      -0.00295
    ]
  },
  "mlp": {
    "mean": 0.09545,
    "seed_sd": 0.0018,
    "delta_vs_mps": -0.00368,
    "boot95": [
      -0.00452,
      -0.00287
    ]
  },
  "bilinear": {
    "mean": 0.09478,
    "seed_sd": 0.00131,
    "delta_vs_mps": -0.00435,
    "boot95": [
      -0.0055,
      -0.00321
    ]
  },
  "mlp_shuf": {
    "mean": 0.0946,
    "seed_sd": 0.00101,
    "delta_vs_mps": -0.00453,
    "boot95": [
      -0.00544,
      -0.0036
    ]
  },
  "mps_D16_fixedphi": {
    "mean": 0.09454,
    "seed_sd": 0.00198,
    "delta_vs_mps": -0.0046,
    "boot95": [
      -0.00551,
      -0.00373
    ]
  },
  "mps_D16_sym4": {
    "mean": 0.09438,
    "seed_sd": 0.00068,
    "delta_vs_mps": -0.00476,
    "boot95": [
      -0.0053,
      -0.00421
    ]
  },
  "mps_D4": {
    "mean": 0.09437,
    "seed_sd": 0.0014,
    "delta_vs_mps": -0.00477,
    "boot95": [
      -0.00541,
      -0.00412
    ]
  },
  "mps_diag_D16": {
    "mean": 0.09373,
    "seed_sd": 0.00101,
    "delta_vs_mps": -0.0054,
    "boot95": [
      -0.00648,
      -0.00438
    ]
  },
  "mps_D2": {
    "mean": 0.09283,
    "seed_sd": 0.00016,
    "delta_vs_mps": -0.0063,
    "boot95": [
      -0.00811,
      -0.00458
    ]
  },
  "dilatedconv": {
    "mean": 0.09234,
    "seed_sd": 0.00111,
    "delta_vs_mps": -0.00679,
    "boot95": [
      -0.00746,
      -0.00613
    ]
  },
  "conv1d": {
    "mean": 0.09215,
    "seed_sd": 0.00102,
    "delta_vs_mps": -0.00699,
    "boot95": [
      -0.00773,
      -0.00624
    ]
  },
  "treepool": {
    "mean": 0.09211,
    "seed_sd": 0.00086,
    "delta_vs_mps": -0.00703,
    "boot95": [
      -0.00772,
      -0.00633
    ]
  },
  "attention": {
    "mean": 0.09144,
    "seed_sd": 0.00162,
    "delta_vs_mps": -0.0077,
    "boot95": [
      -0.00874,
      -0.00667
    ]
  }
}