{
  "rows": [
    {
      "layer": 6,
      "b": 1,
      "max_delta": 48,
      "exp": {
        "slope": -0.0494,
        "r2": 0.7862,
        "aic": -94.88,
        "param": 20.25
      },
      "pow": {
        "slope": -0.9614,
        "r2": 0.9705,
        "aic": -187.96,
        "param": 0.961
      },
      "winner": "pow"
    },
    {
      "layer": 6,
      "b": 2,
      "max_delta": 24,
      "exp": {
        "slope": -0.082,
        "r2": 0.7888,
        "aic": -54.33,
        "param": 12.2
      },
      "pow": {
        "slope": -0.8928,
        "r2": 0.9636,
        "aic": -94.78,
        "param": 0.893
      },
      "winner": "pow"
    },
    {
      "layer": 6,
      "b": 4,
      "max_delta": 12,
      "exp": {
        "slope": -0.1231,
        "r2": 0.8015,
        "aic": -32.1,
        "param": 8.12
      },
      "pow": {
        "slope": -0.7797,
        "r2": 0.9516,
        "aic": -47.62,
        "param": 0.78
      },
      "winner": "pow"
    },
    {
      "layer": 6,
      "b": 8,
      "max_delta": 10,
      "exp": {
        "slope": -0.0906,
        "r2": 0.473,
        "aic": -21.17,
        "param": 11.03
      },
      "pow": {
        "slope": -0.5452,
        "r2": 0.6562,
        "aic": -25.01,
        "param": 0.545
      },
      "winner": "pow"
    }
  ],
  "curves": {
    "L6_b1": [
      2.12651,
      1.0,
      0.59208,
      0.40344,
      0.30593,
      0.25369,
      0.21932,
      0.19353,
      0.17189,
      0.15328,
      0.13749,
      0.12433,
      0.11297,
      0.10344,
      0.09513,
      0.08781,
      0.08095,
      0.07492,
      0.06921,
      0.06426,
      0.05998,
      0.05602,
      0.05275,
      0.0496,
      0.04708,
      0.04436,
      0.04208,
      0.04039,
      0.03868,
      0.03731,
      0.03663,
      0.03595,
      0.0354,
      0.03468,
      0.03441,
      0.03447,
      0.03422,
      0.03509,
      0.0352,
      0.03508,
      0.03544,
      0.03573,
      0.03568,
      0.03569,
      0.03609,
      0.03655,
      0.03737,
      0.0378,
      0.03846
    ],
    "L6_b2": [
      2.64682,
      1.0,
      0.49967,
      0.3431,
      0.2683,
      0.21533,
      0.17805,
      0.15158,
      0.13067,
      0.11344,
      0.09981,
      0.08909,
      0.08118,
      0.07399,
      0.06899,
      0.06607,
      0.06401,
      0.06215,
      0.06194,
      0.06283,
      0.06235,
      0.06233,
      0.06264,
      0.06423,
      0.06556
    ],
    "L6_b4": [
      3.35989,
      1.0,
      0.46118,
      0.30769,
      0.23046,
      0.18355,
      0.15459,
      0.13517,
      0.12701,
      0.12191,
      0.11981,
      0.11785,
      0.12004
    ],
    "L6_b8": [
      3.8204,
      1.0,
      0.56286,
      0.4363,
      0.34559,
      0.26967,
      0.21242,
      0.19233,
      0.2079,
      0.25141,
      0.30654
    ]
  }
}