{
  "rows": [
    {
      "layer": 6,
      "b": 1,
      "max_delta": 48,
      "exp": {
        "slope": -0.0247,
        "r2": 0.722,
        "aic": -143.78,
        "param": 40.54
      },
      "pow": {
        "slope": -0.4999,
        "r2": 0.9654,
        "aic": -241.76,
        "param": 0.5
      },
      "winner": "pow"
    },
    {
      "layer": 6,
      "b": 2,
      "max_delta": 24,
      "exp": {
        "slope": -0.0403,
        "r2": 0.7648,
        "aic": -83.83,
        "param": 24.82
      },
      "pow": {
        "slope": -0.4453,
        "r2": 0.9626,
        "aic": -126.12,
        "param": 0.445
      },
      "winner": "pow"
    },
    {
      "layer": 6,
      "b": 4,
      "max_delta": 12,
      "exp": {
        "slope": -0.0779,
        "r2": 0.9707,
        "aic": -65.32,
        "param": 12.83
      },
      "pow": {
        "slope": -0.4578,
        "r2": 0.992,
        "aic": -79.58,
        "param": 0.458
      },
      "winner": "pow"
    },
    {
      "layer": 6,
      "b": 8,
      "max_delta": 10,
      "exp": {
        "slope": -0.0574,
        "r2": 0.821,
        "aic": -44.09,
        "param": 17.44
      },
      "pow": {
        "slope": -0.3146,
        "r2": 0.9473,
        "aic": -55.1,
        "param": 0.315
      },
      "winner": "pow"
    }
  ],
  "curves": {
    "L6_b1": [
      2.01369,
      1.0,
      0.63718,
      0.47015,
      0.38061,
      0.32797,
      0.29273,
      0.26654,
      0.24509,
      0.22698,
      0.21236,
      0.20052,
      0.19064,
      0.18235,
      0.17517,
      0.169,
      0.16335,
      0.15882,
      0.15431,
      0.15073,
      0.14738,
      0.14448,
      0.14168,
      0.13933,
      0.13736,
      0.13504,
      0.13322,
      0.13153,
      0.13,
      0.12853,
      0.1274,
      0.12624,
      0.12539,
      0.12439,
      0.12341,
      0.1228,
      0.12207,
      0.12172,
      0.12109,
      0.12032,
      0.11962,
      0.11897,
      0.11802,
      0.11718,
      0.11652,
      0.11604,
      0.11581,
      0.11554,
      0.11514
    ],
    "L6_b2": [
      2.4116,
      1.0,
      0.57532,
      0.43385,
      0.36451,
      0.31788,
      0.28672,
      0.26492,
      0.24808,
      0.23532,
      0.22538,
      0.21683,
      0.21079,
      0.20482,
      0.20032,
      0.19606,
      0.19325,
      0.19041,
      0.18832,
      0.18663,
      0.18442,
      0.18181,
      0.1797,
      0.17846,
      0.17769
    ],
    "L6_b4": [
      2.81006,
      1.0,
      0.61401,
      0.50891,
      0.45449,
      0.41742,
      0.38828,
      0.36209,
      0.33907,
      0.31748,
      0.29807,
      0.27878,
      0.26417
    ],
    "L6_b8": [
      3.20897,
      1.0,
      0.65705,
      0.56575,
      0.50922,
      0.46616,
      0.43169,
      0.41202,
      0.40115,
      0.40386,
      0.41589
    ]
  }
}