{
  "mlp": {
    "n_cells": 32,
    "lrs": [
      3e-05,
      0.0001,
      0.0003,
      0.0005,
      0.001,
      0.0015,
      0.003
    ],
    "mean_shared": 0.0962,
    "sd_seed_shared": 0.00189,
    "per_lr_mean": {
      "3e-05": 0.1013,
      "0.0001": 0.10085,
      "0.0003": 0.10022,
      "0.0005": 0.0989,
      "0.001": 0.09738,
      "0.0015": 0.0962,
      "0.003": 0.0953
    },
    "sd_lr": 0.00235,
    "worst": 0.0939,
    "best": 0.1021,
    "best_lr": "3e-05",
    "regret_shared": 0.0051,
    "cells": {
      "3e-05|s0": 0.1015,
      "3e-05|s1": 0.1007,
      "3e-05|s2": 0.1012,
      "3e-05|s3": 0.1018,
      "0.0001|s0": 0.1003,
      "0.0001|s1": 0.1021,
      "0.0001|s2": 0.1007,
      "0.0001|s3": 0.1003,
      "0.0003|s0": 0.1002,
      "0.0003|s1": 0.0995,
      "0.0003|s2": 0.0992,
      "0.0003|s3": 0.102,
      "0.0005|s0": 0.0991,
      "0.0005|s1": 0.0983,
      "0.0005|s2": 0.0971,
      "0.0005|s3": 0.1011,
      "0.001|s0": 0.0974,
      "0.001|s1": 0.0974,
      "0.001|s2": 0.0964,
      "0.001|s3": 0.0983,
      "0.0015|s0": 0.095,
      "0.0015|s1": 0.0939,
      "0.0015|s2": 0.0948,
      "0.0015|s3": 0.0981,
      "0.0015|s4": 0.0963,
      "0.0015|s5": 0.0946,
      "0.0015|s6": 0.0985,
      "0.0015|s7": 0.0984,
      "0.003|s0": 0.094,
      "0.003|s1": 0.0954,
      "0.003|s2": 0.0946,
      "0.003|s3": 0.0972
    }
  },
  "conv1d": {
    "n_cells": 24,
    "lrs": [
      0.0003,
      0.0005,
      0.001,
      0.0015,
      0.003
    ],
    "mean_shared": 0.09221,
    "sd_seed_shared": 0.0012,
    "per_lr_mean": {
      "0.0003": 0.09388,
      "0.0005": 0.09527,
      "0.001": 0.0923,
      "0.0015": 0.09221,
      "0.003": 0.0919
    },
    "sd_lr": 0.00143,
    "worst": 0.09,
    "best": 0.0969,
    "best_lr": "0.0005",
    "regret_shared": 0.00306,
    "cells": {
      "0.0003|s0": 0.0924,
      "0.0003|s1": 0.0967,
      "0.0003|s2": 0.0941,
      "0.0003|s3": 0.0923,
      "0.0005|s0": 0.0943,
      "0.0005|s1": 0.0945,
      "0.0005|s2": 0.0954,
      "0.0005|s3": 0.0969,
      "0.001|s0": 0.0917,
      "0.001|s1": 0.0934,
      "0.001|s2": 0.0906,
      "0.001|s3": 0.0935,
      "0.0015|s0": 0.0931,
      "0.0015|s1": 0.0928,
      "0.0015|s2": 0.0909,
      "0.0015|s3": 0.0918,
      "0.0015|s4": 0.0926,
      "0.0015|s5": 0.0922,
      "0.0015|s6": 0.0903,
      "0.0015|s7": 0.094,
      "0.003|s0": 0.0909,
      "0.003|s1": 0.0918,
      "0.003|s2": 0.0949,
      "0.003|s3": 0.09
    }
  },
  "bilinear": {
    "n_cells": 32,
    "lrs": [
      3e-05,
      0.0001,
      0.0003,
      0.0005,
      0.001,
      0.0015,
      0.003
    ],
    "mean_shared": 0.09505,
    "sd_seed_shared": 0.00186,
    "per_lr_mean": {
      "3e-05": 0.10028,
      "0.0001": 0.10013,
      "0.0003": 0.09867,
      "0.0005": 0.09683,
      "0.001": 0.0949,
      "0.0015": 0.09505,
      "0.003": 0.0931
    },
    "sd_lr": 0.00279,
    "worst": 0.0901,
    "best": 0.1011,
    "best_lr": "3e-05",
    "regret_shared": 0.00523,
    "cells": {
      "3e-05|s0": 0.0993,
      "3e-05|s1": 0.1005,
      "3e-05|s2": 0.1005,
      "3e-05|s3": 0.1008,
      "0.0001|s0": 0.0994,
      "0.0001|s1": 0.1011,
      "0.0001|s2": 0.0996,
      "0.0001|s3": 0.1004,
      "0.0003|s0": 0.0983,
      "0.0003|s1": 0.0982,
      "0.0003|s2": 0.0983,
      "0.0003|s3": 0.0999,
      "0.0005|s0": 0.0969,
      "0.0005|s1": 0.0956,
      "0.0005|s2": 0.0972,
      "0.0005|s3": 0.0976,
      "0.001|s0": 0.0966,
      "0.001|s1": 0.0923,
      "0.001|s2": 0.0947,
      "0.001|s3": 0.096,
      "0.0015|s0": 0.0953,
      "0.0015|s1": 0.0929,
      "0.0015|s2": 0.0949,
      "0.0015|s3": 0.096,
      "0.0015|s4": 0.0939,
      "0.0015|s5": 0.093,
      "0.0015|s6": 0.0958,
      "0.0015|s7": 0.0986,
      "0.003|s0": 0.0932,
      "0.003|s1": 0.0901,
      "0.003|s2": 0.0934,
      "0.003|s3": 0.0957
    }
  },
  "mps_D8": {
    "n_cells": 24,
    "lrs": [
      0.0003,
      0.0005,
      0.001,
      0.0015,
      0.003
    ],
    "mean_shared": 0.09814,
    "sd_seed_shared": 0.00192,
    "per_lr_mean": {
      "0.0003": 0.09538,
      "0.0005": 0.0972,
      "0.001": 0.09803,
      "0.0015": 0.09814,
      "0.003": 0.0978
    },
    "sd_lr": 0.00114,
    "worst": 0.0944,
    "best": 0.1006,
    "best_lr": "0.0015",
    "regret_shared": 0.0,
    "cells": {
      "0.0003|s0": 0.096,
      "0.0003|s1": 0.0954,
      "0.0003|s2": 0.0944,
      "0.0003|s3": 0.0957,
      "0.0005|s0": 0.0975,
      "0.0005|s1": 0.098,
      "0.0005|s2": 0.0968,
      "0.0005|s3": 0.0965,
      "0.001|s0": 0.0959,
      "0.001|s1": 0.0999,
      "0.001|s2": 0.099,
      "0.001|s3": 0.0973,
      "0.0015|s0": 0.0985,
      "0.0015|s1": 0.1002,
      "0.0015|s2": 0.1,
      "0.0015|s3": 0.0967,
      "0.0015|s4": 0.0949,
      "0.0015|s5": 0.0964,
      "0.0015|s6": 0.0995,
      "0.0015|s7": 0.0989,
      "0.003|s0": 0.0961,
      "0.003|s1": 0.1006,
      "0.003|s2": 0.0979,
      "0.003|s3": 0.0966
    }
  },
  "mps_D16": {
    "n_cells": 32,
    "lrs": [
      3e-05,
      0.0001,
      0.0003,
      0.0005,
      0.001,
      0.0015,
      0.003
    ],
    "mean_shared": 0.09835,
    "sd_seed_shared": 0.00153,
    "per_lr_mean": {
      "3e-05": 0.09295,
      "0.0001": 0.0931,
      "0.0003": 0.09845,
      "0.0005": 0.09928,
      "0.001": 0.0992,
      "0.0015": 0.09835,
      "0.003": 0.09613
    },
    "sd_lr": 0.00277,
    "worst": 0.0929,
    "best": 0.1003,
    "best_lr": "0.0005",
    "regret_shared": 0.00093,
    "cells": {
      "3e-05|s0": 0.0931,
      "3e-05|s1": 0.0929,
      "3e-05|s2": 0.0929,
      "3e-05|s3": 0.0929,
      "0.0001|s0": 0.0931,
      "0.0001|s1": 0.0932,
      "0.0001|s2": 0.0931,
      "0.0001|s3": 0.093,
      "0.0003|s0": 0.0969,
      "0.0003|s1": 0.0999,
      "0.0003|s2": 0.0985,
      "0.0003|s3": 0.0985,
      "0.0005|s0": 0.0988,
      "0.0005|s1": 0.1003,
      "0.0005|s2": 0.0997,
      "0.0005|s3": 0.0983,
      "0.001|s0": 0.0992,
      "0.001|s1": 0.0993,
      "0.001|s2": 0.0989,
      "0.001|s3": 0.0994,
      "0.0015|s0": 0.0999,
      "0.0015|s1": 0.0998,
      "0.0015|s2": 0.0978,
      "0.0015|s3": 0.099,
      "0.0015|s4": 0.0967,
      "0.0015|s5": 0.0977,
      "0.0015|s6": 0.0999,
      "0.0015|s7": 0.096,
      "0.003|s0": 0.0969,
      "0.003|s1": 0.0966,
      "0.003|s2": 0.0941,
      "0.003|s3": 0.0969
    }
  }
}